Probe	Positive hits	 Negative hits
CNCAAGGAGAAAAAA	NC_002118.1: 35310, NC_002119.1: 9926	
GTNTTTTGGTTTTAA	NC_002119.1: 3152, NC_002118.1: 32108	
AANAAATTTTATTAT	NC_002119.1: 3312, NC_002118.1: 12653	
AANCCGGGAGCTCCG	NC_002118.1: 1278, NC_002119.1: 5055	
ACNCGCTGGGGCGTG	NC_002119.1: 9592, NC_002118.1: 27904	
TTTNATGTTGAAAAA	NC_002118.1: 22217, NC_002119.1: 1265	
AATNGAGATATTCAT	NC_002119.1: 2942, NC_002118.1: 29355	
ACGNAGCCACATTAA	NC_002118.1: 20853, NC_002119.1: 4116	
ACTNATTTCGGAGAT	NC_002119.1: 5700, NC_002118.1: 7538	
CCTNTTCAGTTTCCG	NC_002119.1: 8836, NC_002118.1: 19680	
GGAGNTGGATCGTGA	NC_002118.1: 10109, NC_002119.1: 6793	
CATCNTGCTCGATGA	NC_002119.1: 8012, NC_002118.1: 8739	
AGTTTNAAGGCGGTG	NC_002119.1: 1363, NC_002118.1: 8239	
ACAGANAACATACGC	NC_002118.1: 28553, NC_002119.1: 6618	
AACCCCNAAACAAGG	NC_002118.1: 36144, NC_002119.1: 1620	
